feature,coef
dep_token_count,2.921067630295777
ner_token_count,2.921067630295777
pos_token_count,2.921067630295777
word_len,0.9646501310796918
sent_len,0.6007524221001246
pos_third_person_rate,0.2643924739283038
polite_feature_politeness_==HASPOSITIVE==,0.22718691630145224
dep_conj_rate,0.22148439786664012
pos_ADP_rate,0.20586389149450676
ner_entity_count,0.19777643317802993
polite_feature_politeness_==1st_person_pl.==,0.18821270022740283
pos_first_person_rate,0.17612610582219376
pos_ADV_rate,0.17563847443598604
polite_feature_politeness_==Hedges==,0.17239114153276835
polite_feature_politeness_==Factuality==,0.16290257806148242
num_exclaims,0.1545089151359781
ner_DATE_count,0.14565625941522353
pos_AUX_rate,0.13555848551021485
polite_feature_politeness_==2nd_person==,0.12315970362686542
pos_ADJ_rate,0.12210345064823948
polite_sum,0.1187240490243195
polite_nonzero,0.1187240490243195
dep_max_dep_distance,0.09639630946859315
dep_nmod_rate,0.09477225992784875
pos_VERB_rate,0.08564502584251305
pos_PRON_rate,0.07656132767525481
polite_feature_politeness_==HASNEGATIVE==,0.05678131825201219
polite_feature_politeness_==SUBJUNCTIVE==,0.051927659215456154
avg_word_len,0.04614174492333503
polite_feature_politeness_==Direct_question==,0.04603098437309595
pos_second_person_rate,0.045347469514562165
polite_feature_politeness_==1st_person==,0.0416816952414106
polite_feature_politeness_==INDICATIVE==,0.0415220810214458
ner_DATE_rate,0.04132555689631449
polite_feature_politeness_==Deference==,0.03906255088845675
pos_PROPN_rate,0.03696370860664356
polite_feature_politeness_==Apologizing==,0.0339311333497885
pos_NUM_rate,0.03340477297807514
dep_ccomp_rate,0.024704077616096175
pos_SCONJ_rate,0.01583887406601218
ner_PERSON_rate,0.009354434208080494
polite_feature_politeness_==1st_person_start==,0.007962624280053773
polite_feature_politeness_==Indirect_(greeting)==,0.0073159358752033065
uppercase_word_count,0.0061293731604820075
ner_entity_rate,0.0018267561520762432
newline_count,0.0
ner_ORG_rate,-0.0005591179084201298
polite_feature_politeness_==Direct_start==,-0.0017883954110269095
dep_cc_rate,-0.002838442033123167
ner_PERSON_count,-0.006348356380361918
dep_xcomp_rate,-0.014484786317868568
dep_amod_rate,-0.0215066142170976
polite_feature_politeness_==Indirect_(btw)==,-0.02579000118872992
polite_feature_politeness_==HASHEDGE==,-0.02972084984325683
ner_GPE_rate,-0.03173338416762789
polite_feature_politeness_==2nd_person_start==,-0.03743910414820144
has_question,-0.042808843587693324
dep_advcl_rate,-0.058742963780525244
dep_acl_rate,-0.06442293507873378
dep_max_tree_depth,-0.08758132990431657
pos_CCONJ_rate,-0.10063739149984934
polite_feature_politeness_==Please_start==,-0.10398389897585833
polite_feature_politeness_==Please==,-0.10677748017839532
dep_compound_rate,-0.13523533592001455
num_qmarks,-0.1508650504860613
pos_NOUN_rate,-0.16011938657217492
pos_DET_rate,-0.16408984493226095
pos_pres_tense_rate,-0.1702155262539265
polite_feature_politeness_==Gratitude==,-0.17842667548010183
dep_avg_dep_distance,-0.18151237729071312
dep_avg_tree_depth,-0.1820867118246701
ner_MONEY_rate,-0.18274213172135198
pos_noun_verb_ratio,-0.2977963368330265
pos_modal_rate,-0.3461267655233344
ner_MONEY_count,-0.4091307219656055
digit_count,-0.4583059400832326
pos_past_tense_rate,-0.4863966131842012
ner_GPE_count,-0.5252853795421356
ner_ORG_count,-0.5376345551278974
char_len,-9.642608102910653
